Money;Date
196.77;2021-04-12 15:27:13.036308
196.77;2021-04-12 15:32:48.732880
197.02;2021-04-12 16:00:32.431835
197.02;2021-04-12 16:06:33.531551
197.02;2021-04-12 16:12:51.965331
197.02;2021-04-12 16:23:57.548491
197.97;2021-04-12 16:30:55.834063
198.35;2021-04-12 16:39:01.987991
196.37;2021-04-12 16:42:08.601735
197.27;2021-04-12 16:42:29.713615
197.27;2021-04-12 16:47:16.393159
197.27;2021-04-12 16:53:16.504628
195.30;2021-04-12 16:54:59.653507
195.30;2021-04-12 16:58:24.114385
195.65;2021-04-12 17:00:07.148179
196.04;2021-04-12 17:00:54.475985
194.08;2021-04-12 17:05:26.719409
194.20;2021-04-12 17:07:22.750495
194.31;2021-04-12 17:08:04.889962
194.41;2021-04-12 17:08:24.645735
194.51;2021-04-12 17:08:59.986758
194.62;2021-04-12 17:09:47.969701
193.62;2021-04-12 17:11:21.955425
192.62;2021-04-12 17:12:17.704154
192.74;2021-04-12 17:13:07.002845
192.84;2021-04-12 17:14:04.913276
191.84;2021-04-12 17:14:44.684203
191.84;2021-04-12 17:17:03.439607
191.84;2021-04-12 18:58:16.515533
190.84;2021-04-12 19:00:23.632227
191.18;2021-04-12 19:01:05.529512
191.59;2021-04-12 19:02:02.856204
192.01;2021-04-12 19:02:24.359738
192.45;2021-04-12 19:02:48.213945
192.88;2021-04-12 19:03:50.241419
193.29;2021-04-12 19:04:16.782914
193.69;2021-04-12 19:04:37.206757
194.05;2021-04-12 19:05:07.380121
194.46;2021-04-12 19:06:01.507526
193.46;2021-04-12 19:06:27.966517
193.84;2021-04-12 19:07:50.495541
194.24;2021-04-12 19:08:15.568305
194.64;2021-04-12 19:09:33.204903
193.64;2021-04-12 19:10:01.599759
193.64;2021-04-12 19:10:46.136653
194.05;2021-04-12 19:11:08.562143
193.05;2021-04-12 19:11:30.341569
193.45;2021-04-12 19:12:10.297272
193.84;2021-04-12 19:13:07.078109
192.84;2021-04-12 19:13:55.151654
193.25;2021-04-12 19:14:38.540102
193.63;2021-04-12 19:15:01.409951
192.63;2021-04-12 19:15:24.347960
191.63;2021-04-12 19:16:16.479916
192.03;2021-04-12 19:16:53.355982
191.03;2021-04-12 19:17:12.419726
191.44;2021-04-12 19:18:36.972132
191.81;2021-04-12 19:19:17.406473
192.22;2021-04-12 19:19:39.774464
192.61;2021-04-12 19:20:21.983638
191.61;2021-04-12 19:20:55.688379
190.61;2021-04-12 19:21:29.028317
192.57;2021-04-12 19:22:13.097428
192.57;2021-04-12 19:22:35.921378
193.01;2021-04-12 19:23:19.928301
193.06;2021-04-12 19:26:34.230968
193.06;2021-04-12 19:53:20.540032
193.06;2021-04-12 20:00:10.121277
193.06;2021-04-13 08:05:19.456888
193.06;2021-04-13 21:34:06.607529
193.93;2021-04-13 21:39:26.951132
192.93;2021-04-13 21:40:01.180625
193.84;2021-04-13 21:40:56.825079
194.71;2021-04-13 21:41:20.545825
193.71;2021-04-13 21:42:09.578200
194.66;2021-04-13 21:42:45.682475
194.66;2021-04-13 21:43:13.661586
204.45;2021-04-13 21:44:09.646233
203.43;2021-04-13 21:44:34.436005
203.43;2021-04-13 21:52:32.366009
202.41;2021-04-13 21:57:08.765475
203.49;2021-04-13 21:58:54.573066
203.49;2021-04-13 21:59:23.730014
202.47;2021-04-13 22:02:45.152756
202.47;2021-04-14 00:07:06.089995
202.47;2021-04-14 08:44:25.586272
202.47;2021-04-14 09:06:26.629688
202.47;2021-04-14 10:38:36.534896
202.47;2021-04-14 10:59:29.678647
202.47;2021-04-14 11:56:04.009145
202.47;2021-04-14 13:26:21.002317
202.47;2021-04-14 13:44:10.623931
203.45;2021-04-14 14:05:59.447733
203.45;2021-04-14 14:06:27.168406
204.48;2021-04-14 14:07:43.490231
203.46;2021-04-14 14:08:22.537509
204.64;2021-04-14 14:09:36.956987
203.62;2021-04-14 14:10:14.109185
202.60;2021-04-14 14:11:32.205108
203.61;2021-04-14 14:12:20.184711
202.59;2021-04-14 14:13:38.600875
201.58;2021-04-14 14:14:55.984384
200.57;2021-04-14 14:15:47.326122
200.57;2021-04-14 14:25:04.938581
201.52;2021-04-14 14:56:30.944709
201.52;2021-04-14 15:18:12.156812
201.52;2021-04-14 15:21:27.639063
201.52;2021-04-14 15:22:56.176506
201.52;2021-04-14 15:41:03.740791
201.52;2021-04-14 16:37:22.673322
201.52;2021-04-14 18:54:23.153898
201.52;2021-04-14 22:00:20.013984
201.52;2021-04-14 22:07:11.873743
201.52;2021-04-14 22:10:07.088977
201.52;2021-04-14 22:39:17.503623
202.70;2021-04-14 22:40:27.737301
203.25;2021-04-14 22:40:49.454529
203.79;2021-04-14 22:41:47.748512
203.79;2021-04-14 22:44:26.742504
205.34;2021-04-14 23:07:01.102904
207.44;2021-04-14 23:08:46.909989
208.58;2021-04-14 23:32:01.074781
209.69;2021-04-14 23:35:00.267768
207.59;2021-04-14 23:36:49.834429
207.59;2021-04-14 23:37:13.621021
208.67;2021-04-14 23:38:03.336790
208.67;2021-04-14 23:38:27.145422
208.67;2021-04-14 23:39:11.545529
209.68;2021-04-14 23:40:35.638673
207.58;2021-04-14 23:41:05.425692
208.43;2021-04-14 23:41:29.273485
209.51;2021-04-14 23:42:57.771110
210.60;2021-04-14 23:44:20.030444
208.49;2021-04-14 23:44:39.456131
208.49;2021-04-14 23:45:03.275624
206.41;2021-04-14 23:46:53.853210
207.59;2021-04-14 23:47:41.042686
205.51;2021-04-14 23:49:10.628984
206.12;2021-04-14 23:49:34.495021
206.12;2021-04-14 23:49:58.391030
204.06;2021-04-14 23:50:34.377169
204.06;2021-04-14 23:50:58.161330
205.06;2021-04-14 23:52:32.190294
205.06;2021-04-14 23:52:55.983705
206.05;2021-04-14 23:53:17.123914
207.10;2021-04-14 23:53:37.724319
205.03;2021-04-14 23:54:40.603360
207.70;2021-04-15 00:00:02.751613
205.62;2021-04-15 00:19:49.014988
205.62;2021-04-15 00:20:12.855443
203.56;2021-04-15 00:22:34.304334
203.56;2021-04-15 00:22:58.161367
204.52;2021-04-15 00:23:24.757772
202.47;2021-04-15 00:27:39.507387
202.47;2021-04-15 00:28:03.287436
202.47;2021-04-15 00:28:47.945916
200.45;2021-04-15 00:30:10.231116
201.03;2021-04-15 00:30:33.984940
201.03;2021-04-15 00:30:57.720909
202.01;2021-04-15 00:31:24.357756
199.99;2021-04-15 00:34:14.522322
199.99;2021-04-15 00:34:38.270641
199.30;2021-04-15 00:35:23.858664
200.12;2021-04-15 00:35:47.733540
200.12;2021-04-15 00:36:11.610677
198.12;2021-04-15 00:37:18.744438
199.11;2021-04-15 00:37:39.280514
200.08;2021-04-15 00:38:30.162498
201.86;2021-04-15 00:41:19.907112
203.70;2021-04-15 00:44:33.801601
201.66;2021-04-15 00:46:15.828595
203.46;2021-04-15 00:47:29.876167
205.23;2021-04-15 00:48:01.756214
207.01;2021-04-15 00:48:34.233289
204.94;2021-04-15 00:49:34.493365
205.19;2021-04-15 00:51:51.375730
206.50;2021-04-15 00:53:36.988164
204.44;2021-04-15 00:54:05.643963
202.40;2021-04-15 00:54:54.315612
204.15;2021-04-15 00:55:46.810808
202.11;2021-04-15 00:56:11.925088
200.09;2021-04-15 00:57:03.777918
201.87;2021-04-15 00:57:53.139452
203.81;2021-04-15 00:58:19.900415
201.77;2021-04-15 00:58:45.524242
201.77;2021-04-15 01:00:40.562887
201.77;2021-04-15 01:01:46.142988
202.76;2021-04-15 01:23:20.654776
203.74;2021-04-15 01:24:11.396602
201.70;2021-04-15 01:26:03.164688
199.68;2021-04-15 01:26:26.897548
205.21;2021-04-15 01:26:50.695823
206.24;2021-04-15 01:27:18.515750
204.18;2021-04-15 01:28:00.594070
202.14;2021-04-15 01:28:24.349661
203.05;2021-04-15 01:28:48.154728
203.05;2021-04-15 01:29:11.999175
201.02;2021-04-15 01:29:52.298669
202.04;2021-04-15 01:30:12.342653
203.01;2021-04-15 01:31:26.498747
204.03;2021-04-15 01:31:51.253438
201.99;2021-04-15 01:32:47.144704
201.99;2021-04-15 01:33:10.956455
200.91;2021-04-15 01:33:37.711015
198.90;2021-04-15 01:34:21.509959
196.91;2021-04-15 01:35:24.573036
197.58;2021-04-15 01:35:48.344505
197.58;2021-04-15 01:36:12.165937
198.27;2021-04-15 01:36:46.467331
196.29;2021-04-15 01:38:26.715770
194.33;2021-04-15 01:38:50.479309
199.64;2021-04-15 01:39:14.217413
200.66;2021-04-15 01:40:06.244969
201.65;2021-04-15 01:40:57.266672
199.63;2021-04-15 01:41:36.190888
197.63;2021-04-15 01:41:59.932568
198.58;2021-04-15 01:42:20.004420
199.55;2021-04-15 01:42:42.243166
197.55;2021-04-15 01:43:59.939049
198.46;2021-04-15 01:44:20.567431
199.47;2021-04-15 01:48:24.498579
200.43;2021-04-15 01:49:10.148995
201.43;2021-04-15 01:50:47.576309
202.25;2021-04-15 01:51:54.091456
202.25;2021-04-15 01:52:17.908844
203.26;2021-04-15 01:52:51.139322
204.28;2021-04-15 01:54:22.208934
205.28;2021-04-15 01:55:04.180707
206.28;2021-04-15 01:55:26.364782
207.25;2021-04-15 01:55:46.981480
205.18;2021-04-15 01:56:44.443288
205.18;2021-04-15 01:57:08.090281
205.18;2021-04-15 01:57:31.940861
206.22;2021-04-15 01:58:45.987031
207.30;2021-04-15 02:00:05.884609
205.23;2021-04-15 02:00:25.340587
203.18;2021-04-15 02:00:49.084052
207.69;2021-04-15 02:01:12.896581
206.69;2021-04-15 02:03:12.208282
207.72;2021-04-15 02:03:33.931091
208.78;2021-04-15 02:04:59.205047
209.78;2021-04-15 02:06:01.032253
207.68;2021-04-15 02:06:36.962684
207.68;2021-04-15 02:07:00.675192
205.60;2021-04-15 02:07:24.475507
205.60;2021-04-15 02:07:48.239853
205.60;2021-04-15 02:09:11.126327
203.54;2021-04-15 02:10:05.907366
204.50;2021-04-15 02:10:29.720877
202.46;2021-04-15 02:10:49.194362
202.46;2021-04-15 02:11:12.860285
202.46;2021-04-15 02:11:36.602448
201.40;2021-04-15 02:13:08.231866
199.39;2021-04-15 02:14:43.237134
197.40;2021-04-15 02:15:07.018295
198.39;2021-04-15 02:15:30.837481
196.41;2021-04-15 02:15:59.059117
197.07;2021-04-15 02:16:22.851278
197.07;2021-04-15 02:16:46.665564
198.02;2021-04-15 02:17:31.004553
198.97;2021-04-15 02:17:52.579267
199.95;2021-04-15 02:18:13.727895
200.97;2021-04-15 02:19:38.320794
201.93;2021-04-15 02:20:22.734647
203.10;2021-04-15 02:21:06.123243
201.07;2021-04-15 02:21:29.288900
199.06;2021-04-15 02:21:52.949351
202.16;2021-04-15 02:22:16.711660
203.15;2021-04-15 02:23:08.098977
204.14;2021-04-15 02:26:09.023314
205.14;2021-04-15 02:26:46.922583
206.17;2021-04-15 02:29:07.275573
204.11;2021-04-15 02:30:46.470708
204.11;2021-04-15 02:31:10.254180
205.11;2021-04-15 02:31:49.988471
206.15;2021-04-15 02:32:46.525890
204.09;2021-04-15 02:34:08.941227
204.09;2021-04-15 02:34:32.761536
202.05;2021-04-15 02:36:02.043349
203.00;2021-04-15 02:36:24.778104
204.00;2021-04-15 02:39:56.313520
204.00;2021-04-15 02:40:20.093427
204.38;2021-04-15 02:40:43.953437
200.34;2021-04-15 02:42:07.140312
200.34;2021-04-15 02:42:30.934482
201.32;2021-04-15 02:43:21.749793
202.35;2021-04-15 02:45:07.185700
203.30;2021-04-15 02:45:26.708302
201.27;2021-04-15 02:47:24.763138
202.27;2021-04-15 02:48:06.469898
203.28;2021-04-15 02:49:04.888130
204.30;2021-04-15 02:49:44.185705
202.26;2021-04-15 02:50:52.521334
202.26;2021-04-15 02:51:16.223169
202.26;2021-04-15 02:51:39.956748
203.25;2021-04-15 02:53:34.717020
204.24;2021-04-15 02:56:36.180084
205.26;2021-04-15 03:00:35.306011
206.31;2021-04-15 03:02:10.918062
207.32;2021-04-15 03:03:17.151199
205.25;2021-04-15 03:03:40.906464
206.38;2021-04-15 03:04:26.047275
204.32;2021-04-15 03:04:45.517087
202.28;2021-04-15 03:05:09.300816
203.25;2021-04-15 03:05:32.616873
204.24;2021-04-15 03:06:57.156032
202.20;2021-04-15 03:09:45.855217
202.20;2021-04-15 03:10:09.634179
203.21;2021-04-15 03:10:55.945844
204.22;2021-04-15 03:11:33.097755
202.18;2021-04-15 03:12:09.185831
200.16;2021-04-15 03:12:30.870225
200.16;2021-04-15 03:12:54.654399
201.18;2021-04-15 03:14:41.618931
202.13;2021-04-15 03:15:03.813861
200.11;2021-04-15 03:16:00.488831
198.11;2021-04-15 03:16:24.302483
201.51;2021-04-15 03:16:48.151112
197.53;2021-04-15 03:18:28.463753
195.55;2021-04-15 03:19:31.722815
195.55;2021-04-15 03:19:55.509856
195.55;2021-04-15 03:20:40.894751
193.59;2021-04-15 03:21:31.301330
193.59;2021-04-15 03:21:55.027190
194.31;2021-04-15 03:22:18.881409
193.37;2021-04-15 03:22:53.788057
194.35;2021-04-15 03:23:13.847207
195.24;2021-04-15 03:24:04.875590
196.22;2021-04-15 03:25:42.341957
194.26;2021-04-15 03:26:34.454090
194.26;2021-04-15 03:26:58.196583
195.17;2021-04-15 03:27:22.019467
196.11;2021-04-15 03:27:42.045396
197.11;2021-04-15 03:28:13.676652
198.11;2021-04-15 03:28:56.966734
199.12;2021-04-15 03:29:51.688214
200.10;2021-04-15 03:30:13.938102
201.12;2021-04-15 03:30:34.525661
202.12;2021-04-15 03:31:23.625752
203.05;2021-04-15 03:33:27.988141
203.05;2021-04-15 03:33:51.808355
202.02;2021-04-15 03:35:08.026722
200.00;2021-04-15 03:35:32.250355
200.00;2021-04-15 03:35:56.024202
198.00;2021-04-15 03:37:16.686129
198.99;2021-04-15 03:37:41.423682
198.99;2021-04-15 03:38:05.188150
199.29;2021-04-15 03:38:28.981659
195.31;2021-04-15 03:38:54.269171
196.31;2021-04-15 03:39:23.744867
197.29;2021-04-15 03:39:59.699598
198.25;2021-04-15 03:40:36.451610
199.22;2021-04-15 03:41:16.596827
197.23;2021-04-15 03:43:07.907566
197.23;2021-04-15 03:43:31.695515
195.26;2021-04-15 03:45:06.532503
195.26;2021-04-15 03:45:30.300379
196.22;2021-04-15 03:46:38.492559
194.26;2021-04-15 03:47:02.236825
197.26;2021-04-15 03:47:26.015330
197.26;2021-04-15 03:47:49.826060
195.29;2021-04-15 03:54:16.093290
198.68;2021-04-15 03:54:39.898455
197.73;2021-04-15 03:56:12.343541
197.73;2021-04-15 03:56:36.127527
198.72;2021-04-15 03:56:56.734065
196.73;2021-04-15 03:57:53.492187
192.79;2021-04-15 03:58:17.371138
193.74;2021-04-15 03:58:44.613091
194.69;2021-04-15 03:59:32.853417
195.58;2021-04-15 04:00:44.237519
196.50;2021-04-15 04:01:28.631334
197.49;2021-04-15 04:02:38.110577
195.52;2021-04-15 04:03:31.051495
193.56;2021-04-15 04:03:52.641509
193.56;2021-04-15 04:04:16.383915
192.50;2021-04-15 04:06:29.258919
192.50;2021-04-15 04:06:53.027403
193.12;2021-04-15 04:07:16.854304
191.19;2021-04-15 04:07:42.265832
191.19;2021-04-15 04:08:06.027462
191.19;2021-04-15 04:09:11.962395
189.28;2021-04-15 04:09:35.735345
187.39;2021-04-15 04:09:59.500382
185.52;2021-04-15 04:10:23.256722
190.63;2021-04-15 04:10:47.089617
188.72;2021-04-15 04:11:20.689951
186.83;2021-04-15 04:11:44.427525
187.67;2021-04-15 04:12:14.655512
185.79;2021-04-15 04:13:35.351558
183.93;2021-04-15 04:13:59.194630
187.18;2021-04-15 04:14:22.952028
187.18;2021-04-15 04:14:46.731730
188.12;2021-04-15 04:15:37.359463
186.24;2021-04-15 04:16:29.327226
187.09;2021-04-15 04:16:53.086693
185.22;2021-04-15 04:17:16.752241
185.22;2021-04-15 04:17:40.473719
184.21;2021-04-15 04:19:49.050623
185.13;2021-04-15 04:20:27.847797
183.28;2021-04-15 04:23:08.038668
183.28;2021-04-15 04:23:31.808813
183.28;2021-04-15 04:25:12.009631
183.28;2021-04-15 04:25:35.842233
184.13;2021-04-15 04:26:23.315618
182.29;2021-04-15 04:27:22.606813
182.29;2021-04-15 04:27:46.409094
183.12;2021-04-15 04:28:10.169991
183.12;2021-04-15 04:28:33.895059
183.98;2021-04-15 04:29:08.697030
184.83;2021-04-15 04:29:43.257302
182.98;2021-04-15 04:30:16.330003
182.98;2021-04-15 04:30:40.089279
181.15;2021-04-15 07:45:53.153983
181.15;2021-04-15 07:47:35.279979
181.15;2021-04-15 07:50:34.707483
181.15;2021-04-15 07:51:51.849629
181.15;2021-04-15 07:54:55.163294
181.15;2021-04-15 07:56:27.112259
181.15;2021-04-15 08:05:53.906741
181.15;2021-04-15 08:06:55.418915
181.15;2021-04-15 08:28:28.878280
181.15;2021-04-15 08:35:50.664759
181.15;2021-04-15 08:42:54.140956
181.15;2021-04-15 08:47:11.249986
181.50;2021-04-15 09:06:02.130964
181.50;2021-04-15 09:06:22.117074
181.50;2021-04-15 09:14:40.896390
181.50;2021-04-15 09:35:48.911532
181.83;2021-04-15 09:54:02.441574
180.83;2021-04-15 09:55:27.292000
180.83;2021-04-15 09:55:47.347551
181.06;2021-04-15 09:56:54.390717
181.06;2021-04-15 09:57:14.277382
181.30;2021-04-15 09:58:34.490133
181.63;2021-04-15 09:58:54.524675
181.86;2021-04-15 09:59:28.314462
182.13;2021-04-15 09:59:57.672864
181.13;2021-04-15 10:01:40.838786
181.13;2021-04-15 10:02:00.721857
181.36;2021-04-15 10:04:16.253229
181.62;2021-04-15 10:05:04.853109
180.62;2021-04-15 10:06:40.952095
180.62;2021-04-15 10:07:00.878625
180.62;2021-04-15 10:08:07.502836
180.82;2021-04-15 10:09:00.877581
179.82;2021-04-15 10:09:57.653929
179.82;2021-04-15 10:10:17.675220
180.04;2021-04-15 10:10:51.761451
180.26;2021-04-15 10:12:04.846302
180.26;2021-04-15 10:12:24.761355
179.41;2021-04-15 10:12:50.080947
179.41;2021-04-15 10:13:09.896094
179.90;2021-04-15 10:14:08.570708
178.90;2021-04-15 10:14:26.849251
178.90;2021-04-15 10:14:46.779970
167.90;2021-04-15 10:15:06.720178
180.08;2021-04-15 10:16:53.552755
180.32;2021-04-15 10:17:30.763394
180.70;2021-04-15 10:17:49.778067
181.09;2021-04-15 10:18:08.322794
181.43;2021-04-15 10:21:34.860572
181.77;2021-04-15 10:22:41.865646
182.13;2021-04-15 10:23:02.924330
181.13;2021-04-15 10:24:55.250025
180.13;2021-04-15 10:26:21.318828
179.13;2021-04-15 10:27:51.572959
179.45;2021-04-15 10:28:55.420185
178.45;2021-04-15 10:29:26.720905
178.79;2021-04-15 10:30:09.953340
179.14;2021-04-15 10:30:46.357548
178.14;2021-04-15 10:36:40.290894
178.04;2021-04-15 11:02:38.898061
178.14;2021-04-15 11:05:04.490044
178.04;2021-04-15 11:07:34.100082
178.14;2021-04-15 11:09:10.942426
178.04;2021-04-15 11:11:31.372343
177.94;2021-04-15 11:11:59.413000
177.84;2021-04-15 11:12:33.314596
177.84;2021-04-15 11:13:23.805045
178.11;2021-04-15 11:14:50.967357
178.20;2021-04-15 11:15:24.570192
178.10;2021-04-15 11:17:59.143090
178.20;2021-04-15 11:18:46.135642
178.10;2021-04-15 11:19:14.116292
178.20;2021-04-15 11:20:05.856941
178.29;2021-04-15 11:20:30.675186
178.19;2021-04-15 11:21:04.161190
178.29;2021-04-15 11:22:02.973168
178.19;2021-04-15 11:22:40.803136
178.09;2021-04-15 11:24:04.734291
178.19;2021-04-15 11:25:20.203619
178.29;2021-04-15 11:25:58.739226
178.39;2021-04-15 11:28:03.887999
178.48;2021-04-15 11:28:30.439889
178.38;2021-04-15 11:29:13.719288
178.28;2021-04-15 11:30:09.374673
178.38;2021-04-15 11:30:54.436695
178.28;2021-04-15 11:32:04.435512
178.38;2021-04-15 11:33:10.258190
178.47;2021-04-15 11:33:37.706420
178.37;2021-04-15 11:34:31.215766
178.27;2021-04-15 11:36:00.172889
178.36;2021-04-15 11:37:18.153302
178.36;2021-04-15 11:37:46.185265
178.46;2021-04-15 11:38:53.600781
178.36;2021-04-15 11:39:17.900255
178.46;2021-04-15 11:40:40.692939
178.55;2021-04-15 11:41:13.461347
178.65;2021-04-15 11:41:40.981297
178.55;2021-04-15 11:43:54.707781
178.45;2021-04-15 11:46:21.757463
178.49;2021-04-15 11:50:55.872964
178.49;2021-04-15 12:07:33.583697
178.58;2021-04-15 12:37:13.722312
178.48;2021-04-15 12:37:38.963976
178.38;2021-04-15 12:38:06.372569
178.28;2021-04-15 12:38:32.832819
178.38;2021-04-15 12:38:57.538926
178.28;2021-04-15 12:40:40.159034
178.37;2021-04-15 12:41:07.626182
178.37;2021-04-15 12:41:35.043072
178.17;2021-04-15 12:43:05.305955
178.17;2021-04-15 12:43:32.781110
178.07;2021-04-15 12:44:04.813464
177.97;2021-04-15 12:44:32.094449
177.97;2021-04-15 12:44:59.554027
178.06;2021-04-15 12:45:32.355055
177.96;2021-04-15 12:46:55.897263
177.96;2021-04-15 12:47:23.426120
178.06;2021-04-15 12:49:21.861333
177.96;2021-04-15 12:49:48.357187
177.96;2021-04-15 12:50:15.810016
177.86;2021-04-15 12:51:52.504129
177.86;2021-04-15 12:52:19.808543
177.92;2021-04-15 12:52:47.291239
177.82;2021-04-15 12:53:37.663194
177.91;2021-04-15 12:55:58.114711
177.81;2021-04-15 12:56:42.682340
177.81;2021-04-15 12:57:10.098903
177.71;2021-04-15 12:57:37.542851
177.61;2021-04-15 12:59:37.153794
177.61;2021-04-15 13:00:04.591356
177.51;2021-04-15 13:01:03.762785
177.41;2021-04-15 13:01:31.196080
177.51;2021-04-15 13:02:04.896672
177.60;2021-04-15 13:04:12.709869
177.69;2021-04-15 13:07:30.080382
177.59;2021-04-15 13:09:24.140622
177.68;2021-04-15 13:11:47.403803
177.78;2021-04-15 13:14:04.444295
177.87;2021-04-15 13:15:59.200896
177.96;2021-04-15 13:17:23.407895
178.05;2021-04-15 13:20:04.887798
178.14;2021-04-15 13:20:36.018244
178.04;2021-04-15 13:21:58.516935
178.13;2021-04-15 13:24:11.012419
178.03;2021-04-15 13:25:04.047666
177.93;2021-04-15 13:26:20.629811
177.83;2021-04-15 13:30:37.325063
177.92;2021-04-15 13:31:30.296756
178.01;2021-04-15 13:32:09.842605
178.10;2021-04-15 13:33:22.202833
178.00;2021-04-15 13:34:03.196346
177.90;2021-04-15 13:35:07.507413
177.99;2021-04-15 13:35:54.696847
178.09;2021-04-15 13:36:29.476733
178.18;2021-04-15 13:37:31.324514
178.27;2021-04-15 13:38:04.839883
178.17;2021-04-15 13:42:56.586838
178.07;2021-04-15 13:43:42.621979
178.16;2021-04-15 13:44:43.773081
178.06;2021-04-15 13:46:07.636798
178.15;2021-04-15 13:46:53.201996
178.25;2021-04-15 13:47:37.151798
178.34;2021-04-15 13:48:25.481416
178.44;2021-04-15 13:51:51.148067
178.53;2021-04-15 13:52:33.771556
178.62;2021-04-15 13:54:00.720674
178.52;2021-04-15 13:54:49.297580
178.42;2021-04-15 13:56:50.436160
178.52;2021-04-15 13:58:01.889046
178.42;2021-04-15 13:58:35.552544
178.32;2021-04-15 13:59:24.627640
178.41;2021-04-15 14:01:46.479044
178.31;2021-04-15 14:04:06.965422
178.40;2021-04-15 14:05:44.624387
178.49;2021-04-15 14:06:18.490759
178.39;2021-04-15 14:07:27.927249
178.49;2021-04-15 14:09:04.693780
178.58;2021-04-15 14:09:43.968891
178.67;2021-04-15 14:11:14.581653
178.57;2021-04-15 14:13:27.004057
178.66;2021-04-15 14:14:43.497877
178.56;2021-04-15 14:15:11.836182
178.46;2021-04-15 14:16:13.765565
178.55;2021-04-15 14:17:43.811409
178.45;2021-04-15 14:18:32.105955
178.54;2021-04-15 14:20:56.122628
178.63;2021-04-15 14:21:38.902600
178.53;2021-04-15 14:22:07.819954
178.43;2021-04-15 14:24:02.213623
178.48;2021-04-15 14:24:47.455404
178.47;2021-04-15 14:26:29.724854
178.56;2021-04-15 14:28:21.391053
178.65;2021-04-15 14:31:24.992832
178.55;2021-04-15 14:32:38.748972
178.45;2021-04-15 14:34:44.806470
178.35;2021-04-15 14:36:11.423022
178.44;2021-04-15 14:37:48.582707
178.54;2021-04-15 14:40:14.882144
178.44;2021-04-15 14:42:15.051061
178.53;2021-04-15 14:43:34.368520
178.62;2021-04-15 14:44:12.309913
178.52;2021-04-15 14:45:18.301349
178.61;2021-04-15 14:47:34.341611
178.71;2021-04-15 14:48:35.702016
178.80;2021-04-15 14:49:35.866662
178.70;2021-04-15 14:52:06.528196
178.60;2021-04-15 14:55:26.236074
178.50;2021-04-15 14:56:41.690585
178.59;2021-04-15 14:58:39.333052
178.68;2021-04-15 14:59:10.664578
178.58;2021-04-15 14:59:41.089576
178.48;2021-04-15 15:00:27.922012
178.56;2021-04-15 15:01:40.205805
178.46;2021-04-15 15:02:26.459424
178.55;2021-04-15 15:03:24.234350
178.64;2021-04-15 15:03:52.760888
178.54;2021-04-15 15:04:28.929572
178.44;2021-04-15 15:06:39.492093
178.34;2021-04-15 15:07:19.219595
178.43;2021-04-15 15:08:32.024736
178.52;2021-04-15 15:09:19.039323
178.62;2021-04-15 15:10:19.122335
178.71;2021-04-15 15:11:53.393788
178.61;2021-04-15 15:14:28.341885
178.51;2021-04-15 15:17:07.521015
178.41;2021-04-15 15:17:50.501599
178.31;2021-04-15 15:18:54.936342
178.21;2021-04-15 15:19:22.408440
178.11;2021-04-15 15:21:19.009221
178.20;2021-04-15 15:21:45.222592
178.29;2021-04-15 15:22:10.100746
178.19;2021-04-15 15:23:15.174665
178.19;2021-04-15 15:23:42.708378
178.28;2021-04-15 15:25:17.355317
178.28;2021-04-15 15:25:44.806108
178.18;2021-04-15 15:26:12.204085
178.08;2021-04-15 15:26:39.584923
178.35;2021-04-15 15:27:07.142848
178.34;2021-04-15 15:27:53.108954
178.24;2021-04-15 15:28:20.581294
178.14;2021-04-15 15:29:24.551134
178.14;2021-04-15 15:29:52.026001
177.94;2021-04-15 15:30:35.925871
177.84;2021-04-15 15:31:03.400852
177.74;2021-04-15 15:31:30.941493
177.74;2021-04-15 16:53:25.971240
177.76;2021-04-15 17:31:03.818278
177.76;2021-04-15 18:01:28.619685
177.66;2021-04-15 18:31:14.835980
177.56;2021-04-15 18:32:23.541861
177.65;2021-04-15 18:33:59.146009
177.55;2021-04-15 18:34:58.319396
177.45;2021-04-15 18:35:38.775103
177.35;2021-04-15 18:36:06.185362
177.39;2021-04-15 18:36:33.594808
177.29;2021-04-15 18:37:21.421251
177.19;2021-04-15 18:37:48.849880
177.09;2021-04-15 18:38:16.241215
177.09;2021-04-15 18:38:43.810867
177.09;2021-04-15 19:05:46.910088
177.18;2021-04-15 19:36:56.784865
177.18;2021-04-15 19:38:02.606255
177.25;2021-04-15 19:38:30.244475
177.15;2021-04-15 19:38:57.608191
177.05;2021-04-15 19:39:48.863813
176.95;2021-04-15 19:40:16.420384
177.05;2021-04-15 19:40:40.516482
177.14;2021-04-15 19:42:39.113513
177.24;2021-04-15 19:43:05.580100
177.33;2021-04-15 19:47:29.438933
177.23;2021-04-15 19:47:55.349590
177.23;2021-04-15 19:48:22.788543
177.27;2021-04-15 19:48:45.914722
177.36;2021-04-15 19:49:13.398331
177.44;2021-04-15 19:50:17.091813
177.34;2021-04-15 19:51:21.710720
177.34;2021-04-15 19:51:49.142568
177.42;2021-04-15 19:52:58.901186
177.52;2021-04-15 19:53:23.946710
177.61;2021-04-15 19:54:34.276460
177.51;2021-04-15 19:55:08.321896
177.59;2021-04-15 19:55:35.711578
177.59;2021-04-15 19:56:03.052982
177.39;2021-04-15 19:56:54.680316
177.39;2021-04-15 19:57:22.106293
177.39;2021-04-15 19:57:49.550567
177.49;2021-04-15 19:59:10.174607
177.39;2021-04-15 19:59:57.122785
177.29;2021-04-15 20:00:24.475524
177.54;2021-04-15 20:00:51.845408
177.54;2021-04-15 20:01:19.177821
177.63;2021-04-15 20:01:45.699601
177.53;2021-04-15 20:04:10.020434
177.53;2021-04-15 20:04:37.393378
177.43;2021-04-15 20:05:04.740035
177.75;2021-04-15 20:05:28.157090
177.55;2021-04-15 20:06:10.333383
177.55;2021-04-15 20:06:37.748060
177.45;2021-04-15 20:07:39.009605
177.35;2021-04-15 20:08:06.437282
177.59;2021-04-15 20:08:33.861103
177.49;2021-04-15 20:11:03.358762
177.51;2021-04-15 20:11:29.122274
177.31;2021-04-15 20:12:33.189331
177.37;2021-04-15 20:13:00.665906
177.27;2021-04-15 20:15:25.159404
177.27;2021-04-15 20:15:52.599624
177.36;2021-04-15 20:16:56.469781
177.46;2021-04-15 20:18:30.757476
177.55;2021-04-15 20:21:04.151872
177.45;2021-04-15 20:22:17.945032
177.35;2021-04-15 20:22:45.279969
177.35;2021-04-15 20:23:12.697650
177.39;2021-04-15 20:24:17.097228
177.48;2021-04-15 20:24:44.243743
177.57;2021-04-15 20:25:51.572175
177.66;2021-04-15 20:26:19.064147
177.56;2021-04-15 20:26:46.463115
177.65;2021-04-15 20:27:13.977766
177.74;2021-04-15 20:28:00.463458
177.84;2021-04-15 20:29:26.236954
177.93;2021-04-15 20:29:54.344431
177.83;2021-04-15 20:30:37.920674
177.83;2021-04-15 20:31:05.239535
177.83;2021-04-15 20:31:32.654695
177.93;2021-04-15 20:33:23.186903
177.83;2021-04-15 20:34:27.192352
177.83;2021-04-15 20:34:54.634633
177.73;2021-04-15 20:35:27.465940
177.63;2021-04-15 20:35:54.690533
177.53;2021-04-15 20:36:22.289898
177.43;2021-04-15 20:36:49.781749
177.49;2021-04-15 20:37:17.216292
177.59;2021-04-15 20:37:42.466980
177.49;2021-04-15 20:38:44.100262
177.39;2021-04-15 20:39:11.660308
177.39;2021-04-15 20:39:39.106499
177.48;2021-04-15 20:40:27.705813
177.38;2021-04-15 20:41:19.503880
177.38;2021-04-15 20:41:47.001673
177.28;2021-04-15 20:42:14.466272
177.38;2021-04-15 20:42:50.096484
177.48;2021-04-15 20:44:09.312508
177.48;2021-04-15 20:44:36.716024
177.48;2021-04-15 20:45:04.176005
177.38;2021-04-15 20:45:34.414038
177.38;2021-04-15 20:46:01.891157
177.38;2021-04-15 20:46:29.370919
177.46;2021-04-15 20:46:52.741815
177.46;2021-04-15 20:50:05.581464
177.55;2021-04-15 20:51:29.413856
177.55;2021-04-15 20:52:57.354948
177.35;2021-04-15 20:53:31.289508
177.35;2021-04-15 20:53:58.708774
177.25;2021-04-15 20:54:59.164625
177.15;2021-04-15 20:55:26.485562
177.05;2021-04-15 20:55:58.209897
177.05;2021-04-15 20:56:25.579301
176.95;2021-04-15 20:58:11.719220
176.85;2021-04-15 20:58:39.167789
176.75;2021-04-15 21:00:40.198698
176.75;2021-04-15 21:01:07.536916
176.65;2021-04-15 21:01:34.949551
176.55;2021-04-15 21:02:02.469693
176.75;2021-04-15 21:02:25.808047
176.65;2021-04-15 21:02:57.124733
176.72;2021-04-15 21:03:24.672971
176.72;2021-04-15 21:03:52.097530
176.81;2021-04-15 21:05:58.422134
176.71;2021-04-15 21:06:57.420360
176.71;2021-04-15 21:07:24.792489
176.61;2021-04-15 21:07:52.017105
176.51;2021-04-15 21:08:19.497198
176.51;2021-04-15 21:09:13.238460
176.41;2021-04-15 21:09:49.678306
176.43;2021-04-15 21:10:17.121081
176.33;2021-04-15 21:10:43.146609
176.42;2021-04-15 21:16:08.441047
176.50;2021-04-15 21:17:37.985777
176.40;2021-04-15 21:18:03.647356
176.40;2021-04-15 21:18:31.049363
176.50;2021-04-15 21:19:37.530064
176.40;2021-04-15 21:20:46.878816
176.40;2021-04-15 21:21:14.307588
176.49;2021-04-15 21:22:47.828250
176.59;2021-04-15 21:24:00.879076
176.49;2021-04-15 21:24:48.690658
176.39;2021-04-15 21:25:16.157260
176.44;2021-04-15 21:25:43.550803
176.44;2021-04-15 21:26:11.111886
176.34;2021-04-15 21:27:08.569670
176.24;2021-04-15 21:27:36.047151
176.32;2021-04-15 21:28:06.750232
176.22;2021-04-15 21:28:31.373316
176.12;2021-04-15 21:28:58.713598
176.12;2021-04-15 22:50:34.851283
176.12;2021-04-15 22:59:13.958022
176.12;2021-04-16 10:01:57.748906
176.91;2021-04-16 10:30:35.238283
176.81;2021-04-16 10:31:14.661366
176.71;2021-04-16 10:33:25.131793
176.61;2021-04-16 10:36:20.889468
176.51;2021-04-16 10:39:56.739010
176.41;2021-04-16 10:40:24.080363
176.31;2021-04-16 10:45:55.786307
176.40;2021-04-16 10:47:22.554279
176.40;2021-04-16 10:47:49.974941
176.30;2021-04-16 10:48:33.608300
176.39;2021-04-16 10:49:42.772677
176.29;2021-04-16 10:51:00.240172
176.19;2021-04-16 10:52:01.512704
176.09;2021-04-16 10:53:52.906028
176.09;2021-04-16 10:56:40.777549
176.04;2021-04-16 11:23:11.965552
175.99;2021-04-16 11:23:39.744143
176.07;2021-04-16 11:24:07.782341
176.07;2021-04-16 11:25:00.920298
176.07;2021-04-16 11:25:29.161254
176.11;2021-04-16 11:26:15.281735
176.16;2021-04-16 11:27:16.335715
176.11;2021-04-16 11:28:56.707291
176.06;2021-04-16 11:29:21.980984
176.01;2021-04-16 11:29:49.993024
175.96;2021-04-16 11:30:17.926921
176.00;2021-04-16 11:30:44.463663
175.95;2021-04-16 11:31:20.727043
175.95;2021-04-16 11:31:48.559142
176.00;2021-04-16 11:33:30.720401
175.95;2021-04-16 11:34:05.765953
175.95;2021-04-16 11:34:33.380807
175.90;2021-04-16 11:35:31.187487
175.85;2021-04-16 11:35:59.211445
175.96;2021-04-16 11:36:27.539229
175.86;2021-04-16 11:37:50.278044
175.81;2021-04-16 11:38:17.667555
175.94;2021-04-16 11:38:45.170921
175.84;2021-04-16 11:39:23.253474
175.84;2021-04-16 11:39:51.078388
175.84;2021-04-16 11:40:19.021691
175.79;2021-04-16 11:42:40.244791
175.83;2021-04-16 11:43:26.296266
175.83;2021-04-16 11:43:54.274015
175.78;2021-04-16 11:44:38.052318
175.78;2021-04-16 11:45:05.959477
175.73;2021-04-16 11:45:40.680097
175.68;2021-04-16 11:46:08.514631
175.63;2021-04-16 11:47:31.048291
175.58;2021-04-16 11:47:58.941391
175.68;2021-04-16 11:48:26.466549
175.58;2021-04-16 11:49:03.618102
175.58;2021-04-16 11:49:31.299969
175.62;2021-04-16 11:50:54.456479
175.67;2021-04-16 11:52:19.857934
175.62;2021-04-16 11:53:12.562584
175.52;2021-04-16 11:53:39.960027
175.56;2021-04-16 11:54:16.451080
175.51;2021-04-16 11:56:31.569769
175.51;2021-04-16 11:56:58.966665
175.56;2021-04-16 11:57:25.320387
175.56;2021-04-16 11:57:52.947060
175.56;2021-04-16 12:04:19.759502
175.51;2021-04-16 13:32:19.532083
175.51;2021-04-16 13:33:08.240777
175.55;2021-04-16 13:36:24.754856
175.55;2021-04-16 13:36:52.299202
175.50;2021-04-16 13:37:47.482988
175.55;2021-04-16 13:38:11.591418
175.55;2021-04-16 13:51:56.996377
179.16;2021-04-16 14:10:28.991507
178.56;2021-04-16 14:40:20.594354
176.56;2021-04-16 14:40:51.504019
177.36;2021-04-16 14:44:40.203938
177.36;2021-04-16 14:45:33.084701
175.36;2021-04-16 14:46:31.407613
175.36;2021-04-16 14:47:02.678732
175.36;2021-04-16 14:51:34.155767
175.36;2021-04-16 15:48:31.199394
175.36;2021-04-16 15:55:49.350385
175.36;2021-04-16 16:27:56.446628
175.36;2021-04-16 16:48:30.974869
175.36;2021-04-16 18:01:28.574287
175.42;2021-04-16 18:39:43.932777
175.37;2021-04-16 18:40:14.250914
175.37;2021-04-16 18:40:44.477873
175.37;2021-04-16 18:41:14.788162
175.43;2021-04-16 18:43:37.413464
175.38;2021-04-16 18:44:21.334746
175.33;2021-04-16 18:44:51.840047
175.33;2021-04-16 18:45:22.492835
175.38;2021-04-16 18:46:21.846754
175.33;2021-04-16 18:47:07.278037
175.33;2021-04-16 18:47:37.826342
175.28;2021-04-16 18:48:26.594254
175.34;2021-04-16 18:48:56.901541
175.38;2021-04-16 18:52:53.122949
175.38;2021-04-16 18:53:23.231346
175.33;2021-04-16 18:54:15.183145
175.28;2021-04-16 18:54:45.238259
175.23;2021-04-16 18:55:45.181585
175.18;2021-04-16 18:56:15.147254
175.24;2021-04-16 18:57:32.925849
175.29;2021-04-16 19:00:24.499763
175.24;2021-04-16 19:00:54.891385
175.19;2021-04-16 19:01:25.159421
175.30;2021-04-16 19:01:55.380814
175.35;2021-04-16 19:02:26.001230
175.35;2021-04-16 19:02:55.633530
175.41;2021-04-16 19:03:29.245751
175.36;2021-04-16 19:04:11.275836
175.31;2021-04-16 19:04:41.340607
175.37;2021-04-16 19:05:54.041261
175.32;2021-04-16 19:07:16.129290
175.32;2021-04-16 19:07:46.701198
175.38;2021-04-16 19:08:38.270656
175.33;2021-04-16 19:10:58.650197
175.37;2021-04-16 19:11:28.606230
175.32;2021-04-16 19:11:55.190500
175.27;2021-04-16 19:12:24.698223
175.38;2021-04-16 19:12:54.584392
175.28;2021-04-16 19:13:52.123031
175.23;2021-04-16 19:14:22.651334
175.18;2021-04-16 19:14:53.031627
175.13;2021-04-16 19:15:26.040860
175.08;2021-04-16 19:15:56.364550
175.08;2021-04-16 19:16:26.636836
174.98;2021-04-16 19:18:09.163362
174.98;2021-04-16 19:18:39.259637
174.88;2021-04-16 19:19:12.072114
174.83;2021-04-16 19:19:39.721199
174.83;2021-04-16 19:20:10.556359
174.78;2021-04-16 19:21:21.888694
174.73;2021-04-16 19:21:52.094973
174.73;2021-04-16 19:22:22.437262
174.68;2021-04-16 19:23:13.432575
174.68;2021-04-16 19:23:43.843465
174.58;2021-04-16 19:24:16.171904
174.53;2021-04-16 19:25:07.436889
174.53;2021-04-16 19:25:37.320203
174.48;2021-04-16 19:26:07.849507
174.60;2021-04-16 19:26:38.073631
174.55;2021-04-16 19:27:08.765292
174.50;2021-04-16 19:27:39.476721
174.50;2021-04-16 19:28:09.943488
174.40;2021-04-16 19:28:42.203282
174.35;2021-04-16 19:29:12.698584
174.41;2021-04-16 19:30:38.685241
174.47;2021-04-16 19:32:50.479519
174.53;2021-04-16 19:35:32.508696
174.48;2021-04-16 19:36:46.247800
174.53;2021-04-16 19:37:16.517767
174.48;2021-04-16 19:37:46.672297
174.43;2021-04-16 19:38:16.226527
174.49;2021-04-16 19:38:44.532663
174.55;2021-04-16 19:40:04.048827
174.55;2021-04-16 19:41:13.537029
174.50;2021-04-16 19:42:11.768795
174.50;2021-04-16 19:42:42.225666
174.45;2021-04-16 19:43:52.395962
174.40;2021-04-16 19:44:23.006776
174.44;2021-04-16 19:44:54.106579
174.39;2021-04-16 19:45:24.659096
174.45;2021-04-16 19:50:04.499106
174.45;2021-04-16 19:50:34.648700
174.46;2021-04-16 19:51:19.341168
174.41;2021-04-16 19:52:54.231224
174.36;2021-04-16 19:53:23.838361
174.31;2021-04-16 19:53:51.799646
174.31;2021-04-16 19:54:21.357851
174.31;2021-04-16 20:01:13.285091
183.21;2021-04-17 09:02:02.027040
183.21;2021-04-17 10:33:50.490763
183.21;2021-04-17 11:00:07.995970
183.27;2021-04-17 11:29:35.772801
183.32;2021-04-17 11:30:34.547874
183.27;2021-04-17 11:31:44.484820
183.33;2021-04-17 11:32:53.976375
183.39;2021-04-17 11:33:46.460438
183.45;2021-04-17 11:34:29.184054
183.40;2021-04-17 11:35:07.624612
183.45;2021-04-17 11:35:49.045636
183.40;2021-04-17 11:36:33.939260
183.46;2021-04-17 11:39:11.866381
183.52;2021-04-17 11:39:40.196098
183.47;2021-04-17 11:41:20.518431
183.53;2021-04-17 11:44:48.807077
183.48;2021-04-17 11:45:24.876315
183.43;2021-04-17 11:47:09.301263
183.38;2021-04-17 11:50:24.319478
183.43;2021-04-17 11:53:47.525332
183.49;2021-04-17 11:55:51.891774
183.55;2021-04-17 11:57:38.736007
183.50;2021-04-17 11:58:17.937691
183.56;2021-04-17 12:00:07.689749
183.62;2021-04-17 12:02:55.514291
183.67;2021-04-17 12:04:01.780740
183.73;2021-04-17 12:05:39.361750
183.68;2021-04-17 12:06:55.426106
183.63;2021-04-17 12:09:53.904816
183.69;2021-04-17 12:10:41.545900
183.64;2021-04-17 12:11:38.186401
183.70;2021-04-17 12:12:54.512700
183.76;2021-04-17 12:14:24.689869
183.71;2021-04-17 12:14:51.779741
183.66;2021-04-17 12:15:41.300691
183.61;2021-04-17 12:17:26.852790
183.56;2021-04-17 12:18:11.540805
183.51;2021-04-17 12:21:37.440558
183.46;2021-04-17 12:26:52.543984
183.51;2021-04-17 12:27:36.093905
183.46;2021-04-17 12:28:05.520288
183.41;2021-04-17 12:31:59.709072
183.47;2021-04-17 12:34:44.626754
183.52;2021-04-17 12:35:42.223971
183.47;2021-04-17 12:36:58.344386
183.42;2021-04-17 12:38:56.887357
183.37;2021-04-17 12:40:52.888070
183.32;2021-04-17 12:44:08.938641
183.27;2021-04-17 12:45:22.226290
183.22;2021-04-17 12:46:34.478112
183.17;2021-04-17 12:47:03.868694
183.23;2021-04-17 12:47:30.299279
183.29;2021-04-17 12:48:49.958127
183.35;2021-04-17 12:49:55.890072
183.40;2021-04-17 12:51:23.123216
183.35;2021-04-17 12:53:55.011167
183.30;2021-04-17 12:54:24.486512
183.36;2021-04-17 12:54:50.159347
183.42;2021-04-17 12:55:37.136824
183.47;2021-04-17 12:56:04.048247
183.42;2021-04-17 12:56:56.923182
183.37;2021-04-17 12:57:26.328239
183.56;2021-04-17 12:57:55.677714
183.56;2021-04-17 12:58:25.109224
183.62;2021-04-17 12:59:50.524257
183.68;2021-04-17 13:01:32.208652
183.63;2021-04-17 13:02:01.600846
183.79;2021-04-17 13:02:30.988357
183.74;2021-04-17 13:03:49.480466
183.69;2021-04-17 13:04:18.893165
183.69;2021-04-17 13:04:48.294709
183.69;2021-04-17 13:05:17.760812
183.75;2021-04-17 13:06:56.432904
183.81;2021-04-17 13:07:30.778022
183.87;2021-04-17 13:09:02.229803
183.82;2021-04-17 13:09:37.463545
183.77;2021-04-17 13:14:30.727092
183.72;2021-04-17 13:15:40.198927
183.78;2021-04-17 13:17:37.601028
183.83;2021-04-17 13:18:17.075218
183.78;2021-04-17 13:19:46.788081
183.73;2021-04-17 13:20:54.698898
183.73;2021-04-17 23:31:51.380301
183.73;2021-04-18 00:44:30.490039
183.73;2021-04-18 10:03:54.565027
184.37;2021-04-18 10:53:43.775003
181.43;2021-04-18 11:17:03.958081
181.43;2021-04-18 11:44:58.171353
181.47;2021-04-18 12:08:33.569652
181.42;2021-04-18 12:09:47.994682
181.37;2021-04-18 12:10:17.397152
181.38;2021-04-18 12:10:53.505813
181.38;2021-04-18 12:11:23.075973
181.33;2021-04-18 12:11:52.621066
181.33;2021-04-18 12:12:22.280343
181.28;2021-04-18 12:13:21.387621
181.28;2021-04-18 12:18:21.959065
181.28;2021-04-18 14:20:43.775082
183.75;2021-04-18 14:48:09.414883
183.70;2021-04-18 14:48:35.935303
183.71;2021-04-18 14:49:04.382556
181.71;2021-04-18 14:49:51.287940
181.71;2021-04-18 14:50:19.842613
181.76;2021-04-18 14:51:25.731761
181.76;2021-04-18 14:57:21.281245
186.81;2021-04-18 15:22:07.269487
186.96;2021-04-18 15:24:10.820478
186.96;2021-04-18 15:24:39.336694
186.96;2021-04-18 15:26:46.816714
186.96;2021-04-18 15:27:15.446351
186.96;2021-04-18 15:36:53.381677
184.96;2021-04-18 19:22:36.055483
184.91;2021-04-18 19:47:39.872786
184.91;2021-04-18 19:48:09.423377
184.86;2021-04-18 19:49:13.639571
184.86;2021-04-18 19:49:35.824329
184.87;2021-04-18 19:49:54.049897
184.87;2021-04-18 19:50:14.842404
184.77;2021-04-18 19:50:32.497260
184.84;2021-04-18 19:51:02.579836
184.79;2021-04-18 19:51:32.510724
184.85;2021-04-18 19:52:23.853646
184.92;2021-04-18 19:54:43.111122
184.98;2021-04-18 19:55:11.941300
184.99;2021-04-18 19:55:33.099930
184.99;2021-04-18 19:56:02.559569
185.05;2021-04-18 19:56:48.266056
185.11;2021-04-18 19:57:49.436017
185.11;2021-04-18 20:03:41.700478
185.06;2021-04-18 20:23:47.430880
185.06;2021-04-18 20:24:08.083522
184.96;2021-04-18 20:27:52.519649
184.96;2021-04-18 20:28:21.500919
184.91;2021-04-18 20:29:08.370221
184.91;2021-04-18 20:29:26.026573
184.91;2021-04-18 20:29:43.704644
184.97;2021-04-18 20:38:22.816182
185.02;2021-04-18 20:39:12.100356
185.02;2021-04-18 20:45:48.769482
185.02;2021-04-18 21:22:07.421431
185.02;2021-04-18 21:53:45.661223
185.02;2021-04-18 22:12:12.039347
185.02;2021-04-18 22:12:34.168606
185.02;2021-04-18 22:13:00.365844
185.02;2021-04-18 22:14:33.520563
185.02;2021-04-18 22:15:30.907791
184.92;2021-04-18 22:20:01.177908
184.87;2021-04-18 22:46:50.736343
184.92;2021-04-18 23:02:57.288748
184.96;2021-04-18 23:03:25.117503
184.91;2021-04-18 23:08:33.390911
184.96;2021-04-18 23:09:22.955438
185.00;2021-04-18 23:10:26.227052
184.95;2021-04-18 23:11:24.249626
185.00;2021-04-18 23:12:46.808211
185.04;2021-04-18 23:14:13.413609
185.09;2021-04-18 23:16:14.239511
185.13;2021-04-18 23:19:01.637335
185.08;2021-04-18 23:20:33.258048
185.13;2021-04-18 23:21:54.229552
185.13;2021-04-18 23:26:33.539964
185.13;2021-04-18 23:42:01.153675
185.13;2021-04-19 13:59:31.392903
185.13;2021-04-19 14:31:17.202034
180.13;2021-04-19 15:59:21.318079
180.13;2021-04-19 15:59:53.305128
180.83;2021-04-19 16:03:28.270662
186.03;2021-04-19 16:05:05.085550
181.03;2021-04-19 16:06:44.991307
176.03;2021-04-19 16:08:56.312395
171.03;2021-05-10 12:45:15.606586
172.05;2021-05-10 13:18:21.428988
171.05;2021-05-10 13:18:43.609233
171.05;2021-05-10 13:19:10.663724
171.49;2021-05-10 13:19:42.153209
169.49;2021-05-10 13:20:26.396616
169.49;2021-05-10 13:20:47.034963
166.49;2021-05-10 13:21:23.891760
177.59;2021-06-01 19:55:26.439149
